{"cameraMode":{"drawMode":0,"name":"Shaded","section":"Shading Mode"},"sceneLighting":false,"audioPlay":false,"sceneViewState":{"m_AlwaysRefresh":false,"showFog":true,"showSkybox":false,"showFlares":true,"showImageEffects":true,"showParticleSystems":true,"showVisualEffectGraphs":true,"m_FxEnabled":true},"in2DMode":false,"pivot":{"x":2.1559998989105226,"y":0.3160000145435333,"z":0.18700000643730164},"rotation":{"x":0.12577179074287415,"y":0.8731717467308044,"z":-0.3111696243286133,"w":0.3531397581100464},"size":0.4064776599407196,"orthographic":false}